{"Width": 255.93157894736842, "Mse": 14359.9052734375}