{"Width": 9.438905263157896, "Mse": 15.889792442321777}