{"Width": 9.438905263157896, "Mse": 16.056222915649414}