{"Width": 9.438905263157896, "Mse": 16.06329917907715}