{"Width": 9.438905263157896, "Mse": 15.89112377166748}