{"Width": 9.438905263157896, "Mse": 16.036062240600586}