{"Width": 19.700263157894728, "Mse": 75.57148742675781}