{"Width": 19.700263157894728, "Mse": 75.61943817138672}