{"Width": 19.700263157894728, "Mse": 75.9745101928711}