{"Width": 19.700263157894728, "Mse": 75.6464614868164}