{"Width": 2.813242105263159, "Mse": 1.233260989189148}