{"Width": 2.813242105263159, "Mse": 1.2346051931381226}